year,Yearly_Rank,admin,Yearly_Spending,Spending_Increase,Growth_Rel_to_National_Total
2006,9,104001 Ministry of Territorial Administration of RA,1285968500,0,0
2007,9,104001 Ministry of Territorial Administration of RA,938007950,-347960550,-0.050192145
2008,9,104001 Ministry of Territorial Administration of RA,1299686410,361678460,0.040354214
2009,9,104001 Ministry of Territorial Administration of RA,1549608870,249922460,0.026594322
2010,9,104001 Ministry of Territorial Administration of RA,29873049760,28323440890,2.454718824
2011,8,104001 Ministry of Territorial Administration of RA,30088374460,215324700,0.017903851
2012,8,104001 Ministry of Territorial Administration of RA,33194078750,3105704290,0.252898528
2013,8,104001 Ministry of Territorial Administration of RA,37464198310,4270119560,0.310841791
2014,9,104001 Ministry of Territorial Administration of RA,39280584500,1816386190,0.121345294
2015,7,104001 Ministry of Territorial Administration of RA,57107392230,17826807730,1.058871972
2016,9,104001 Ministry of Territorial Administration of RA,45053062200,-12054330030,-0.697456763
2017,9,104001 Ministry of Territorial Administration of RA,40373342690,-4679719510,-0.264775077
2018,8,104001 Ministry of Territorial Administration of RA,41502202230,1128859540,0.066273876
2019,5,104001 Ministry of Territorial Administration of RA,1.40058E+11,98555685260,5.125924734
2020,4,104001 Ministry of Territorial Administration of RA,1.79716E+11,39657886860,1.788893751
2021,4,104001 Ministry of Territorial Administration of RA,2.03438E+11,23722112080,0.983209427
2022,4,104001 Ministry of Territorial Administration of RA,2.77589E+11,74151307110,2.782328569
2006,3,104002 Ministry of Healthcare of RA,39115108700,0,0
2007,4,104002 Ministry of Healthcare of RA,45845146200,6730037500,0.970785394
2008,4,104002 Ministry of Healthcare of RA,49687632600,3842486400,0.428724783
2009,4,104002 Ministry of Healthcare of RA,56132423470,6444790870,0.685792087
2010,5,104002 Ministry of Healthcare of RA,56702249200,569825730,0.049385311
2011,5,104002 Ministry of Healthcare of RA,63736067540,7033818340,0.584848988
2012,5,104002 Ministry of Healthcare of RA,64849228710,1113161170,0.090645082
2013,5,104002 Ministry of Healthcare of RA,64088455090,-760773620,-0.055380237
2014,5,104002 Ministry of Healthcare of RA,74463845130,10375390040,0.693137153
2015,5,104002 Ministry of Healthcare of RA,83596474220,9132629090,0.542457467
2016,5,104002 Ministry of Healthcare of RA,86339966290,2743492070,0.15873691
2017,5,104002 Ministry of Healthcare of RA,80967103950,-5372862340,-0.303992587
2018,5,104002 Ministry of Healthcare of RA,79881801240,-1085302710,-0.063716711
2019,7,104002 Ministry of Healthcare of RA,97595589170,17713787930,0.921301936
2020,7,104002 Ministry of Healthcare of RA,1.41779E+11,44183347130,1.993028874
2021,7,104002 Ministry of Healthcare of RA,1.5791E+11,16130799990,0.66857262
2022,7,104002 Ministry of Healthcare of RA,1.41377E+11,-16533105780,-0.620360373
2006,8,104010 Ministry of Education and Science of RA,11682757500,0,0
2007,8,104010 Ministry of Education and Science of RA,12691628000,1008870500,0.145526195
2008,8,104010 Ministry of Education and Science of RA,19022240600,6330612600,0.706337052
2009,8,104010 Ministry of Education and Science of RA,19043723030,21482430,0.002285952
2010,10,104010 Ministry of Education and Science of RA,20140555980,1096832950,0.095059654
2011,9,104010 Ministry of Education and Science of RA,28479873480,8339317500,0.693398829
2012,9,104010 Ministry of Education and Science of RA,30961960970,2482087490,0.202117205
2013,9,104010 Ministry of Education and Science of RA,32899760720,1937799750,0.141061424
2014,10,104010 Ministry of Education and Science of RA,37442485240,4542724520,0.303480749
2015,10,104010 Ministry of Education and Science of RA,40806237430,3363752190,0.199799256
2016,10,104010 Ministry of Education and Science of RA,40500578770,-305658660,-0.017685238
2017,8,104010 Ministry of Education and Science of RA,41438186130,937607360,0.053049133
2018,9,104010 Ministry of Education and Science of RA,38040704610,-3397481520,-0.199461722
2019,6,104010 Ministry of Education and Science of RA,1.34876E+11,96834937290,5.036427871
2020,5,104010 Ministry of Education and Science of RA,1.70901E+11,36024922370,1.625017459
2021,6,104010 Ministry of Education and Science of RA,1.74809E+11,3908894100,0.162011777
2022,5,104010 Ministry of Education and Science of RA,2.26543E+11,51733811720,1.941172286
2006,2,104013 Ministry of Defense of RA,79316802720,0,0
2007,2,104013 Ministry of Defense of RA,1.01196E+11,21879554880,3.156052595
2008,1,104013 Ministry of Defense of RA,1.94995E+11,93798210700,10.46551982
2009,2,104013 Ministry of Defense of RA,1.29735E+11,-65259525200,-6.944285221
2010,3,104013 Ministry of Defense of RA,1.4669E+11,16954911880,1.469438036
2011,3,104013 Ministry of Defense of RA,1.43056E+11,-3633940410,-0.302155425
2012,3,104013 Ministry of Defense of RA,1.51584E+11,8527921360,0.694431457
2013,3,104013 Ministry of Defense of RA,1.82439E+11,30854758400,2.246060847
2014,3,104013 Ministry of Defense of RA,1.8884E+11,6401006050,0.427624898
2015,4,104013 Ministry of Defense of RA,2.01037E+11,12196830420,0.724464081
2016,3,104013 Ministry of Defense of RA,2.23576E+11,22539786640,1.304139392
2017,2,104013 Ministry of Defense of RA,2.94719E+11,71142250570,4.025176046
2018,3,104013 Ministry of Defense of RA,2.40878E+11,-53840077670,-3.160880942
2019,2,104013 Ministry of Defense of RA,3.07424E+11,66545561420,3.46106405
2020,2,104013 Ministry of Defense of RA,3.87466E+11,80041532200,3.610525122
2021,3,104013 Ministry of Defense of RA,3.36797E+11,-50668571900,-2.100058265
2022,3,104013 Ministry of Defense of RA,3.73915E+11,37118344000,1.392766129
2006,5,104016 Ministry of Labor and Social Affairs of RA,32572287180,0,0
2007,5,104016 Ministry of Labor and Social Affairs of RA,36023650100,3451362920,0.497847555
2008,5,104016 Ministry of Labor and Social Affairs of RA,42672732370,6649082270,0.741870252
2009,5,104016 Ministry of Labor and Social Affairs of RA,51852810750,9180078380,0.976854833
2010,6,104016 Ministry of Labor and Social Affairs of RA,54227575250,2374764500,0.205814652
2011,6,104016 Ministry of Labor and Social Affairs of RA,51233094980,-2994480270,-0.248985497
2012,6,104016 Ministry of Labor and Social Affairs of RA,54643719990,3410625010,0.277728323
2013,6,104016 Ministry of Labor and Social Affairs of RA,55046544480,402824490,0.029323461
2014,7,104016 Ministry of Labor and Social Affairs of RA,53197845670,-1848698810,-0.123503967
2015,9,104016 Ministry of Labor and Social Affairs of RA,54162385430,964539760,0.057291475
2016,7,104016 Ministry of Labor and Social Affairs of RA,51178748570,-2983636860,-0.172631552
2017,10,104016 Ministry of Labor and Social Affairs of RA,10831380830,-40347367740,-2.282824297
2018,10,104016 Ministry of Labor and Social Affairs of RA,10175092390,-656288440,-0.038529841
2019,1,104016 Ministry of Labor and Social Affairs of RA,4.53968E+11,4.43793E+11,23.08184562
2020,1,104016 Ministry of Labor and Social Affairs of RA,5.48284E+11,94316198620,4.254428859
2021,1,104016 Ministry of Labor and Social Affairs of RA,6.19774E+11,71490281110,2.963054811
2022,1,104016 Ministry of Labor and Social Affairs of RA,5.89855E+11,-29919130930,-1.122635001
2006,6,104018 Ministry of Transport and Communication of RA,21182831200,0,0
2007,6,104018 Ministry of Transport and Communication of RA,25912758700,4729927500,0.682276218
2008,7,104018 Ministry of Transport and Communication of RA,28333706410,2420947710,0.27011684
2009,6,104018 Ministry of Transport and Communication of RA,50720689470,22386983060,2.382205435
2010,7,104018 Ministry of Transport and Communication of RA,34830369850,-15890319620,-1.377172598
2011,10,104018 Ministry of Transport and Communication of RA,22820560870,-12009808980,-0.998593408
2012,10,104018 Ministry of Transport and Communication of RA,30284222450,7463661580,0.607768431
2013,10,104018 Ministry of Transport and Communication of RA,27396327840,-2887894610,-0.210223231
2014,8,104018 Ministry of Transport and Communication of RA,39529170430,12132842590,0.810545333
2015,8,104018 Ministry of Transport and Communication of RA,54748971820,15219801390,0.904021704
2016,8,104018 Ministry of Transport and Communication of RA,50538001290,-4210970530,-0.243644389
2017,7,104018 Ministry of Transport and Communication of RA,55504362210,4966360920,0.280993036
2018,7,104018 Ministry of Transport and Communication of RA,48250467470,-7253894740,-0.425866727
2019,9,104018 Ministry of Transport and Communication of RA,5275900690,-42974566780,-2.235126205
2020,9,104018 Ministry of Transport and Communication of RA,8410741630,3134840940,0.141406863
2021,9,104018 Ministry of Transport and Communication of RA,6611669320,-1799072310,-0.074566078
2022,9,104018 Ministry of Transport and Communication of RA,20420752930,13809083610,0.51814876
2006,4,104021 Ministry of Finance of RA,32845904750,0,0
2007,3,104021 Ministry of Finance of RA,47609186510,14763281760,2.129554004
2008,3,104021 Ministry of Finance of RA,69547095470,21937908960,2.447718557
2009,3,104021 Ministry of Finance of RA,64337659960,-5209435510,-0.554337561
2010,4,104021 Ministry of Finance of RA,92562998490,28225338530,2.446216548
2011,4,104021 Ministry of Finance of RA,96590846510,4027848020,0.334908115
2012,4,104021 Ministry of Finance of RA,1.05212E+11,8621463310,0.702048609
2013,4,104021 Ministry of Finance of RA,1.18853E+11,13641136970,0.993001574
2014,4,104021 Ministry of Finance of RA,1.65347E+11,46493132730,3.106015055
2015,3,104021 Ministry of Finance of RA,2.45186E+11,79839592780,4.742290841
2016,4,104021 Ministry of Finance of RA,2.09063E+11,-36122866700,-2.090048773
2017,4,104021 Ministry of Finance of RA,1.95118E+11,-13945375610,-0.789019063
2018,4,104021 Ministry of Finance of RA,1.97775E+11,2657253480,0.156003896
2019,4,104021 Ministry of Finance of RA,1.61068E+11,-36707463130,-1.909171375
2020,6,104021 Ministry of Finance of RA,1.67645E+11,6576903800,0.296671937
2021,5,104021 Ministry of Finance of RA,1.84583E+11,16938224000,0.70203789
2022,6,104021 Ministry of Finance of RA,2.17986E+11,33403231770,1.253366524
2006,1,105002 State Social Insurance Service of the Ministry of Labor and Social Affairs of RA,89811751570,0,0
2007,1,105002 State Social Insurance Service of the Ministry of Labor and Social Affairs of RA,1.05823E+11,16011347060,2.309583248
2008,2,105002 State Social Insurance Service of the Ministry of Labor and Social Affairs of RA,1.63928E+11,58105303780,6.483089641
2009,1,105002 State Social Insurance Service of the Ministry of Labor and Social Affairs of RA,1.87033E+11,23104443440,2.458550604
2010,2,105002 State Social Insurance Service of the Ministry of Labor and Social Affairs of RA,1.90441E+11,3408490770,0.295405014
2011,2,105002 State Social Insurance Service of the Ministry of Labor and Social Affairs of RA,2.04194E+11,13752493850,1.143494433
2012,1,105002 State Social Insurance Service of the Ministry of Labor and Social Affairs of RA,2.20762E+11,16568159900,1.349150741
2013,2,105002 State Social Insurance Service of the Ministry of Labor and Social Affairs of RA,2.23574E+11,2812194690,0.204712683
2014,1,105002 State Social Insurance Service of the Ministry of Labor and Social Affairs of RA,2.65415E+11,41840891810,2.795217965
2015,1,105002 State Social Insurance Service of the Ministry of Labor and Social Affairs of RA,2.98615E+11,33199596660,1.971980789
2016,1,105002 State Social Insurance Service of the Ministry of Labor and Social Affairs of RA,3.08477E+11,9862226980,0.570622912
2017,1,105002 State Social Insurance Service of the Ministry of Labor and Social Affairs of RA,3.48386E+11,39909143040,2.258029867
2018,1,105002 State Social Insurance Service of the Ministry of Labor and Social Affairs of RA,3.41876E+11,-6509904290,-0.382188015
2006,7,105019 Police adjunct to the Government of RA,20480865800,0,0
2007,7,105019 Police adjunct to the Government of RA,24952594800,4471729000,0.645031948
2008,6,105019 Police adjunct to the Government of RA,31481508600,6528913800,0.728462475
2009,7,105019 Police adjunct to the Government of RA,34725674900,3244166300,0.345212688
2010,8,105019 Police adjunct to the Government of RA,34826365930,100691030,0.008726629
2011,7,105019 Police adjunct to the Government of RA,36365205820,1538839890,0.127951691
2012,7,105019 Police adjunct to the Government of RA,40913327130,4548121310,0.370355023
2013,7,105019 Police adjunct to the Government of RA,50942639750,10029312620,0.730080142
2014,6,105019 Police adjunct to the Government of RA,59966727610,9024087860,0.60286221
2015,6,105019 Police adjunct to the Government of RA,64758465430,4791737820,0.284618365
2016,6,105019 Police adjunct to the Government of RA,63767309290,-991156140,-0.057347737
2017,6,105019 Police adjunct to the Government of RA,62597908050,-1169401240,-0.066163859
2018,6,105019 Police adjunct to the Government of RA,62836194590,238286540,0.013989493
2019,8,105019 Police adjunct to the Government of RA,64544841800,1708647210,0.088867496
2020,8,105019 Police adjunct to the Government of RA,63830695970,-714145830,-0.032213794
2021,8,105019 Police adjunct to the Government of RA,65463002730,1632306760,0.067654153
2022,8,105019 Police adjunct to the Government of RA,76810865980,11347863250,0.425798079
2010,1,400000 Community budgets,1.98955E+11,0,0
2011,1,400000 Community budgets,2.12643E+11,13687714577,1.138108156
2012,2,400000 Community budgets,2.1926E+11,6616853901,0.538812602
2013,1,400000 Community budgets,2.29275E+11,10014481713,0.729000532
2014,2,400000 Community budgets,2.58882E+11,29607133475,1.977930866
2015,2,400000 Community budgets,2.7244E+11,13558230010,0.805328131
2016,2,400000 Community budgets,2.71414E+11,-1026058157,-0.059367149
2017,3,400000 Community budgets,2.61609E+11,-9804363570,-0.554723657
2018,2,400000 Community budgets,2.52359E+11,-9250335788,-0.543075184
2019,3,400000 Community budgets,2.92531E+11,40171795291,2.089352822
2020,3,400000 Community budgets,3.20738E+11,28206881090,1.272360111
2021,2,400000 Community budgets,4.06932E+11,86194131190,3.572484695
2022,2,400000 Community budgets,4.27762E+11,20829745035,0.781580217
