year,Yearly_Rank,func3,Yearly_Spending,Spending_Increase,Growth_Rel_to_National_Total
2006,7,010102 Financial and fiscal relations,13566725970,0,0
2007,6,010102 Financial and fiscal relations,18528667440,4961941470,0.715743457
2008,3,010102 Financial and fiscal relations,36987901000,18459233560,2.059585926
2009,7,010102 Financial and fiscal relations,33011926480,-3975974520,-0.423084615
2010,6,010102 Financial and fiscal relations,42448862460,9436935980,0.817874653
2011,4,010102 Financial and fiscal relations,45221827690,2772965230,0.230566931
2012,6,010102 Financial and fiscal relations,41846107970,-3375719720,-0.274885973
2013,4,010102 Financial and fiscal relations,55270862150,13424754180,0.977250068
2014,6,010102 Financial and fiscal relations,59792022810,4521160660,0.302040156
2015,4,010102 Financial and fiscal relations,94430003470,34637980660,2.057417538
2016,5,010102 Financial and fiscal relations,76705272550,-17724730920,-1.025542973
2017,10,010102 Financial and fiscal relations,39357633431,-37347639119,-2.113101865
2018,10,010102 Financial and fiscal relations,26919355916,-12438277515,-0.730235097
2019,10,010102 Financial and fiscal relations,23624950580,-3294405336,-0.171343477
2020,10,010102 Financial and fiscal relations,31258535830,7633585250,0.344336878
2021,10,010102 Financial and fiscal relations,31169933840,-88601990,-0.003672283
2022,10,010102 Financial and fiscal relations,36967894790,5797960950,0.217552907
2006,8,010701 Operation in the line of public debt,9024646500,0,0
2007,8,010701 Operation in the line of public debt,9956767570,932121070,0.134455346
2008,8,010701 Operation in the line of public debt,10395793470,439025900,0.048984242
2009,9,010701 Operation in the line of public debt,16281591800,5885798330,0.626309527
2010,10,010701 Operation in the line of public debt,30436021340,14154429540,1.226727528
2011,9,010701 Operation in the line of public debt,35537797835,5101776495,0.424203281
2012,7,010701 Operation in the line of public debt,40667846020,5130048185,0.417741521
2013,8,010701 Operation in the line of public debt,46748062898,6080216878,0.442607163
2014,5,010701 Operation in the line of public debt,61645207250,14897144352,0.995216969
2015,5,010701 Operation in the line of public debt,74084107100,12438899850,0.738842456
2016,4,010701 Operation in the line of public debt,98276372290,24192265190,1.399750872
2017,4,010701 Operation in the line of public debt,1.1976E+11,21483929020,1.215544852
2018,3,010701 Operation in the line of public debt,1.39015E+11,19254597730,1.130412392
2019,3,010701 Operation in the line of public debt,1.58083E+11,19068398420,0.991755827
2020,3,010701 Operation in the line of public debt,1.64767E+11,6684062860,0.301505683
2021,4,010701 Operation in the line of public debt,1.80836E+11,16068824670,0.666003931
2022,4,010701 Operation in the line of public debt,2.13745E+11,32909003110,1.234821921
2006,6,010801 General transfers executed between different levels of government,14697945100,0,0
2007,7,010801 General transfers executed between different levels of government,18139479900,3441534800,0.496429881
2008,7,010801 General transfers executed between different levels of government,21550318800,3410838900,0.380563785
2009,8,010801 General transfers executed between different levels of government,28042785900,6492467100,0.690865329
2010,9,010801 General transfers executed between different levels of government,32701611400,4658825500,0.403768267
2011,10,010801 General transfers executed between different levels of government,32495781800,-205829600,-0.017114351
2012,10,010801 General transfers executed between different levels of government,32492548800,-3233000,-0.000263264
2013,10,010801 General transfers executed between different levels of government,36244000000,3751451200,0.273085517
2014,9,010801 General transfers executed between different levels of government,40987427970,4743427970,0.316888921
2015,9,010801 General transfers executed between different levels of government,47362349130,6374921160,0.378655867
2016,9,010801 General transfers executed between different levels of government,49390993510,2028644380,0.117376224
2017,8,010801 General transfers executed between different levels of government,48780516890,-610476620,-0.034540317
2018,8,010801 General transfers executed between different levels of government,48941597850,161080960,0.009456854
2019,7,010801 General transfers executed between different levels of government,58960341080,10018743230,0.521079262
2020,6,010801 General transfers executed between different levels of government,75109107850,16148766770,0.728440929
2021,6,010801 General transfers executed between different levels of government,80789666160,5680558310,0.235441872
2022,6,010801 General transfers executed between different levels of government,80216353200,-573312960,-0.021512028
2009,2,020101 Military defense,1.24982E+11,0,0
2010,2,020101 Military defense,1.42176E+11,17194065450,1.490164852
2011,2,020101 Military defense,1.3976E+11,-2415975440,-0.20088389
2012,2,020101 Military defense,1.46561E+11,6800878750,0.553797806
2013,2,020101 Military defense,1.75413E+11,28852176950,2.100283663
2014,2,020101 Military defense,1.83463E+11,8049665280,0.537765043
2015,2,020101 Military defense,1.91156E+11,7693715280,0.456989249
2016,2,020101 Military defense,2.18064E+11,26907491490,1.55685234
2017,2,020101 Military defense,2.86439E+11,68375426580,3.868631186
2018,2,020101 Military defense,2.28959E+11,-57480633860,-3.374613261
2019,2,020101 Military defense,3.00937E+11,71978013000,3.743608257
2020,1,020101 Military defense,3.83851E+11,82914201644,3.740105915
2021,2,020101 Military defense,3.33555E+11,-50296355574,-2.08463103
2022,2,020101 Military defense,3.69264E+11,35709714670,1.339911098
2006,5,030101 Police,19535692500,0,0
2007,5,030101 Police,24297070900,4761378400,0.686812905
2008,6,030101 Police,29418570200,5121499300,0.571430436
2009,6,030101 Police,34047203600,4628633400,0.492534238
2010,8,030101 Police,34112317390,65113790,0.005643243
2011,8,030101 Police,35664777320,1552459930,0.129084172
2012,8,030101 Police,39819376400,4154599080,0.338310377
2013,7,030101 Police,49461593180,9642216780,0.701901642
2014,7,030101 Police,58484083830,9022490650,0.602755507
2015,7,030101 Police,63391288960,4907205130,0.291476862
2016,8,030101 Police,62288782080,-1102506880,-0.063790429
2017,7,030101 Police,60610047550,-1678734530,-0.094981561
2018,6,030101 Police,60599650740,-10396810,-0.000610383
2019,6,030101 Police,63085147800,2485497060,0.1292718
2020,8,030101 Police,62266384100,-818763700,-0.036932913
2021,8,030101 Police,63852845500,1586461400,0.065754002
2022,8,030101 Police,75203077490,11350231990,0.425886959
2006,3,040501 Road transport,27886041900,0,0
2007,3,040501 Road transport,44013019900,16126978000,2.326262625
2008,2,040501 Road transport,41901173500,-2111846400,-0.235628912
2009,3,040501 Road transport,57792252780,15891079280,1.690974408
2010,4,040501 Road transport,50304157369,-7488095411,-0.648973719
2011,6,040501 Road transport,37129375488,-13174781881,-1.095458751
2012,4,040501 Road transport,47741974412,10612598924,0.864187441
2013,6,040501 Road transport,49832853733,2090879322,0.152204795
2014,4,040501 Road transport,71625746512,21792892779,1.455893571
2015,6,040501 Road transport,65775613751,-5850132761,-0.347484626
2016,6,040501 Road transport,68797117232,3021503481,0.174822494
2017,5,040501 Road transport,78514441397,9717324165,0.549799031
2018,5,040501 Road transport,63554355619,-14960085778,-0.878287181
2019,5,040501 Road transport,69229265896,5674910277,0.295154591
2020,5,040501 Road transport,81922195003,12692929107,0.5725545
2021,5,040501 Road transport,1.16167E+11,34244918082,1.419347745
2022,5,040501 Road transport,1.60802E+11,44634782138,1.674800274
2006,2,090201 General primary education,44920533600,0,0
2007,2,090201 General primary education,52101000500,7180466900,1.035758329
2008,5,090201 General primary education,30009407490,-22091593010,-2.464865829
2009,5,090201 General primary education,37235981980,7226574490,0.768981911
2010,7,090201 General primary education,40330738421,3094756441,0.268214477
2011,7,090201 General primary education,36022078484,-4308659937,-0.358257106
2012,9,090201 General primary education,36297987613,275909129,0.022467372
2013,9,090201 General primary education,36604088699,306101086,0.022282517
2014,10,090201 General primary education,37197902112,593813413,0.039670233
2015,10,090201 General primary education,43785344870,6587442758,0.391279168
2016,10,090201 General primary education,47866601798,4081256928,0.236139233
2017,9,090201 General primary education,48535739900,669138102,0.03785934
2018,9,090201 General primary education,47694425935,-841313965,-0.049392449
2019,9,090201 General primary education,49689394463,1994968528,0.103759195
2020,9,090201 General primary education,51726523863,2037129400,0.09189113
2021,9,090201 General primary education,50690212440,-1036311423,-0.042951958
2022,9,090201 General primary education,56195485912,5505273472,0.206570595
2006,1,100201 Old age,84049095490,0,0
2007,1,100201 Old age,97389773900,13340678410,1.92434823
2008,1,100201 Old age,1.54853E+11,57463671140,6.411499585
2009,1,100201 Old age,1.77552E+11,22698866170,2.415393008
2010,1,100201 Old age,1.7846E+11,907395180,0.078641576
2011,1,100201 Old age,1.88396E+11,9936137170,0.826171432
2012,1,100201 Old age,1.98981E+11,10585515750,0.861982049
2013,1,100201 Old age,1.99965E+11,983834540,0.071617875
2014,1,100201 Old age,2.40512E+11,40547128280,2.708786943
2015,1,100201 Old age,2.83198E+11,42686092760,2.535457155
2016,1,100201 Old age,2.91179E+11,7980208840,0.4617304
2017,1,100201 Old age,2.96525E+11,5346380853,0.302494284
2018,1,100201 Old age,3.10613E+11,14088448757,0.827114505
2019,1,100201 Old age,3.42706E+11,32092844325,1.669163012
2020,2,100201 Old age,3.83663E+11,40956940625,1.847491658
2021,1,100201 Old age,4.05464E+11,21800799260,0.903576852
2022,1,100201 Old age,4.23838E+11,18373626450,0.689420966
2006,4,100401 Family members and children,27060473700,0,0
2007,4,100401 Family members and children,31440012600,4379538900,0.631733835
2008,4,100401 Family members and children,35485937670,4045925070,0.451423419
2009,4,100401 Family members and children,41839756400,6353818730,0.676111715
2010,5,100401 Family members and children,44039811310,2200054910,0.190673027
2011,5,100401 Family members and children,43596106194,-443705116,-0.03689326
2012,5,100401 Family members and children,47172410456,3576304262,0.291219639
2013,5,100401 Family members and children,50974246119,3801835663,0.276753236
2014,8,100401 Family members and children,57339541409,6365295290,0.425239209
2015,8,100401 Family members and children,59331932620,1992391211,0.118343522
2016,7,100401 Family members and children,63428267740,4096335120,0.237011649
2017,6,100401 Family members and children,63900338520,472070780,0.026709416
2018,7,100401 Family members and children,60418971025,-3481367495,-0.204386558
2019,8,100401 Family members and children,58769355012,-1649616013,-0.085797258
2020,7,100401 Family members and children,68285832634,9516477622,0.429270662
2021,7,100401 Family members and children,78431668855,10145836221,0.420514067
2022,7,100401 Family members and children,80148768650,1717099795,0.064429556
2010,3,Local government spending,99638308522,0,0
2011,3,Local government spending,1.06598E+11,6960175691,0.578725738
2012,3,Local government spending,1.10076E+11,3477763648,0.283195444
2013,3,Local government spending,1.15212E+11,5135547915,0.373840331
2014,3,Local government spending,1.29992E+11,14779860446,0.987381713
2015,3,Local government spending,1.36787E+11,6795813235,0.403655902
2016,3,Local government spending,1.36348E+11,-439415861,-0.025424355
2017,3,Local government spending,1.3136E+11,-4987998074,-0.282217251
2018,4,Local government spending,1.267E+11,-4659731005,-0.273566747
2019,4,Local government spending,1.48813E+11,22112246268,1.150067698
2020,4,Local government spending,1.63821E+11,15008339402,0.676998365
2021,3,Local government spending,2.0407E+11,40248935726,1.668196023
2022,3,Local government spending,2.14869E+11,10799226684,0.405211966
